[
    { "t": "VInCI", "g": "#F7C45F", "d": "#28364A" },
    { "t": "Le projet", "g": "#F7C45F", "d": "#28364A" },
    { "t": "Actions", "g": "#F7C45F", "d": "#28364A" },
    { "t": "Partenaires", "g": "#F7C45F", "d": "#28364A" },
    { "t": "Publications", "g": "#F7C45F", "d": "#28364A" },
    { "t": "Actualités", "g": "#F7C45F", "d": "#28364A" },
    { "t": "Contact", "g": "#F7C45F", "d": "#28364A" },
    { "t": "Mentions", "g": "#F7C45F", "d": "#28364A" },
    { "t": "RGPD", "g": "#F7C45F", "d": "#28364A" }
]